image,keywords,caption
918886676_3323fb2a01.jpg,"[('dog', 0.9984541318294685), ('animal', 0.9726306585855297), ('pets', 0.9486139579453094), ('retriever', 0.882329580778642), ('canine', 0.8225252358850323), ('wet', 0.7780814476398328), ('cute', 0.7595258057388233), ('purebred dog', 0.6690840288845823), ('close-up', 0.6268196968691863), ('puppy', 0.6052488093559164)]","A close-up of a wet, cute retriever puppy, a purebred dog, quenching its thirst by drinking water out of a faucet"
918886676_3323fb2a01.jpg,"[('dog', 0.9984541318294685), ('animal', 0.9726306585855297), ('pets', 0.9486139579453094), ('retriever', 0.882329580778642), ('canine', 0.8225252358850323), ('wet', 0.7780814476398328), ('cute', 0.7595258057388233), ('purebred dog', 0.6690840288845823), ('close-up', 0.6268196968691863), ('puppy', 0.6052488093559164)]","""A close-up of a wet, cute retriever puppy, a purebred dog, quenching its thirst by drinking water directly from a faucet"
918886676_3323fb2a01.jpg,"[('dog', 0.9984541325654563), ('animal', 0.972630696666092), ('pets', 0.9486140625417403), ('retriever', 0.882329580778642), ('canine', 0.8225254621092389), ('wet', 0.7780812006323048), ('cute', 0.7595258492851052), ('purebred dog', 0.6690842136439511), ('close-up', 0.6268198920645247), ('puppy', 0.6052490799330212)]",A dog drinking water out of a faucet
